Variable,Etiqueta_usuario,Familia,SHAP_ABS_MEDIO,SHAP_MEDIO_SIGNADO,SHAP_MEDIANA_ABS,SHAP_P90_ABS,RANK_SHAP,PESO_SHAP_PERCENT
LATITUDE,Latitud aproximada,GEOGRAFIA,0.3015196703550672,-0.10763192908228597,0.23306730389595032,0.5714500427246094,1,24.71251561781664
CONSTRUCTEDAREA,Superficie construida,CARACTERISTICAS_FISICAS,0.2370541525611493,0.02344423844779764,0.17284853756427765,0.5368703901767732,2,19.428929596988198
DISTANCE_TO_URBAN_AXIS,Distancia al eje urbano,GEOGRAFIA,0.07353913683675013,0.0016828452185048567,0.07513805478811264,0.12339732795953753,3,6.027258737245435
DISTANCE_TO_CITY_CENTER,Distancia al centro,GEOGRAFIA,0.0672996231144879,0.015070734740092163,0.059555619955062866,0.12934616655111314,4,5.515868949217978
BATHNUMBER_CLEAN,Baños corregidos,CARACTERISTICAS_FISICAS,0.06326898309712609,0.0022175739306424347,0.05675129219889641,0.09194329157471658,5,5.185518182179948
AMENITY_COUNT,Número de equipamientos,EQUIPAMIENTOS_Y_TIPOLOGIA,0.04550447836617899,0.002427970338084422,0.041847240179777145,0.0895584523677826,6,3.7295415286855405
CADASTRALQUALITYID,Calidad catastral,CARACTERISTICAS_CATASTRALES_Y_EDIFICIO,0.04123503459961891,-0.0006099195070107401,0.037941332906484604,0.07987306714057926,7,3.379618435322312
LOG_CONSTRUCTEDAREA,Logaritmo de la superficie construida,CARACTERISTICAS_FISICAS,0.03663172400036793,0.0034465194263542625,0.02633332833647728,0.08350974842906007,8,3.0023316568388774
ciudad,Ciudad,GEOGRAFIA,0.03638177222372698,-0.015290289394158338,0.018411756493151188,0.08698228225111963,9,2.981845639536369
HASLIFT,Ascensor,EQUIPAMIENTOS_Y_TIPOLOGIA,0.033422397784667,0.005709054228583617,0.028629353269934654,0.059464660286903386,10,2.7392956693864425
CITY_PERIOD,Combinación ciudad y periodo,TIEMPO,0.026280621629363548,-0.008118535253729317,0.01652436889708042,0.057852986827492715,11,2.1539565617618814
BUILTTYPEID_2,Tipo de edificio 2,EQUIPAMIENTOS_Y_TIPOLOGIA,0.0255178613042725,7.646933242323853e-05,0.016093104146420956,0.06814637035131454,12,2.091440818015325
LONGITUDE,Longitud aproximada,GEOGRAFIA,0.0250439910391007,-0.0011802024607248183,0.02009370643645525,0.05281711742281914,13,2.052602468546825
FLOORCLEAN,Planta corregida,CARACTERISTICAS_FISICAS,0.019244262242077422,0.002122950187040693,0.010116248857229948,0.052048284932971006,14,1.57725739966041
PROPERTY_AGE,Antigüedad de la vivienda,CARACTERISTICAS_FISICAS,0.019058573186266584,5.1135607413709206e-05,0.015754738822579384,0.03362418748438359,15,1.5620383471641692
LOG_DISTANCE_TO_URBAN_AXIS,Logaritmo de la distancia al eje urbano,GEOGRAFIA,0.016735370833213806,0.00021260396822115235,0.017172127030789852,0.028034894168376925,16,1.3716289640365047
PERIOD_MONTH,Mes del anuncio,TIEMPO,0.013589570926564452,-0.0006635425378767867,0.012449356727302074,0.023179690167307854,17,1.1137995851702718
HASSWIMMINGPOOL,Piscina,EQUIPAMIENTOS_Y_TIPOLOGIA,0.01267939904138378,-0.0036694447156073043,0.008064259309321642,0.02559007201343775,18,1.0392020078349762
LOG_DISTANCE_TO_CITY_CENTER,Logaritmo de la distancia al centro,GEOGRAFIA,0.012256020509346507,0.0027226218148678613,0.010651166085153818,0.023471771925687807,19,1.0045019546911844
HASPARKINGSPACE,Aparcamiento,EQUIPAMIENTOS_Y_TIPOLOGIA,0.01050595180522318,-0.0012663235662538292,0.0073541561141610146,0.026064161397516727,20,0.8610665359273915
FLOOR_RELATIVE,Posición relativa de la planta,CARACTERISTICAS_FISICAS,0.010106495741331725,0.0003434298044521711,0.006910333875566721,0.02267820592969657,21,0.8283271653718174
AREA_PER_ROOM,Superficie por habitación,CARACTERISTICAS_FISICAS,0.009719765765439228,-0.0011332768370877083,0.007961628027260303,0.01925848573446274,22,0.7966308234453789
DISTANCE_TO_METRO,Distancia al metro,GEOGRAFIA,0.008801203833008479,-0.00014917979319242086,0.004874046426266432,0.02190214693546297,23,0.7213455988549056
BATHS_PER_ROOM,Baños por habitación,CARACTERISTICAS_FISICAS,0.00796724149894471,-0.0005521376285329216,0.006161030614748597,0.017054127156734468,24,0.6529941470874228
HASAIRCONDITIONING,Aire acondicionado,EQUIPAMIENTOS_Y_TIPOLOGIA,0.007832770180355596,-0.00019352417831777573,0.00768837402574718,0.011606908310204745,25,0.6419728941228364
HASWARDROBE,Armario empotrado,EQUIPAMIENTOS_Y_TIPOLOGIA,0.007402704435108241,0.0003435091007226479,0.006878952728584409,0.011767248250544073,26,0.6067247577952868
FLATLOCATIONID,Ubicación dentro del edificio,CARACTERISTICAS_CATASTRALES_Y_EDIFICIO,0.007177783576041423,0.00010073301110467236,0.004263660404831171,0.007617041887715467,27,0.588290271461722
CADMAXBUILDINGFLOOR,Número máximo de plantas del edificio,CARACTERISTICAS_CATASTRALES_Y_EDIFICIO,0.005006694686838143,-7.034035858980912e-06,0.003854774753563106,0.009849726594984539,28,0.4103480893847689
ROOMNUMBER_CLEAN,Habitaciones corregidas,CARACTERISTICAS_FISICAS,0.004826637265754649,8.159420994932784e-05,0.0026987161254510283,0.009891950152814398,29,0.3955906049878481
BUILTTYPEID_1,Tipo de edificio 1,EQUIPAMIENTOS_Y_TIPOLOGIA,0.004506402788992134,-0.0004940015524092208,0.0024924756726250052,0.0038360782433301214,30,0.36934422610637163
HASTERRACE,Terraza,EQUIPAMIENTOS_Y_TIPOLOGIA,0.004228434640690791,-0.0003544402835568473,0.003221477963961661,0.009507226571440697,31,0.34656199038004804
BUILDING_DENSITY_PER_FLOOR,Densidad de viviendas por planta,CARACTERISTICAS_FISICAS,0.0035763047038125523,-0.0006912332406807851,0.0024145861389115453,0.007690190104767681,32,0.29311349983556234
LOG_DISTANCE_TO_METRO,Logaritmo de la distancia al metro,GEOGRAFIA,0.003467943019557186,-2.3499225684796934e-05,0.002026301226578653,0.007495338330045346,33,0.2842321893347244
AMENITYID,Categoría de equipamientos,EQUIPAMIENTOS_Y_TIPOLOGIA,0.0030166581915941175,0.00018880168749124744,0.0016220028628595173,0.007393201533705009,34,0.2472449395609764
CADDWELLINGCOUNT,Número de viviendas del edificio,CARACTERISTICAS_CATASTRALES_Y_EDIFICIO,0.0029797953878767745,-0.00044148474435565905,0.0020413375459611416,0.0066883193794637944,35,0.24422366863855668
HASBOXROOM,Trastero,EQUIPAMIENTOS_Y_TIPOLOGIA,0.00199555068640772,2.3938613855881115e-05,0.001260591030586511,0.004205693816766152,36,0.16355509226287773
MISSING_ORIGINAL_FLATLOCATIONID,Ubicación interior no disponible,CALIDAD_Y_TRAZABILIDAD,0.0018767586157790513,-0.00012061386052924457,0.000802374939667061,0.0037219397490844135,37,0.15381890855974897
ISPARKINGSPACEINCLUDEDINPRICE,Aparcamiento incluido en el precio,EQUIPAMIENTOS_Y_TIPOLOGIA,0.0016228860028186752,-0.0002607417557991149,0.001144415233284235,0.003557850816287101,38,0.1330115399879699
MISSING_ORIGINAL_FLOORCLEAN,Planta original no disponible,CALIDAD_Y_TRAZABILIDAD,0.0012227624337200875,-3.597706524763973e-05,0.000530248653376475,0.0016042448580265052,39,0.10021746078656563
BUILTTYPEID_3,Tipo de edificio 3,EQUIPAMIENTOS_Y_TIPOLOGIA,0.001203502385920252,0.0003855131461285141,0.0008445107669103891,0.002291625831276179,40,0.09863890960450565
HASDOORMAN,Portero,EQUIPAMIENTOS_Y_TIPOLOGIA,0.0010441121846127728,2.9482186651345425e-05,0.0005500579718500376,0.0022182963090017437,41,0.08557530803416842
ORIENTATION_COUNT,Número de orientaciones,EQUIPAMIENTOS_Y_TIPOLOGIA,0.0009418052790187218,6.642294331651924e-05,0.0006837135297246277,0.001944852469023317,42,0.07719024645816505
ISINTOPFLOOR,Última planta,EQUIPAMIENTOS_Y_TIPOLOGIA,0.0004953516774405048,-5.258322199888913e-05,0.00024993205443024635,0.0005295242066495122,43,0.04059896341304958
ISDUPLEX,Vivienda dúplex,EQUIPAMIENTOS_Y_TIPOLOGIA,0.0004921866689622199,1.2465224417881126e-05,0.00022197531507117674,0.000547758344328031,44,0.04033955970198147
ISSTUDIO,Estudio,EQUIPAMIENTOS_Y_TIPOLOGIA,0.00032290284389676217,2.2035836610224838e-05,0.00015215927851386368,0.00031331104983109984,45,0.026465077928213645
HASSOUTHORIENTATION,Orientación sur,EQUIPAMIENTOS_Y_TIPOLOGIA,0.0003121986341550707,1.1448301989687371e-05,0.0001852692148531787,0.0007046905637253088,46,0.02558776219585552
HASEASTORIENTATION,Orientación este,EQUIPAMIENTOS_Y_TIPOLOGIA,0.00028708672418934796,1.3075731592704998e-05,0.0001643067371333018,0.0006325863942038269,47,0.023529593100319098
HAS_ANY_ORIENTATION,Orientación informada,EQUIPAMIENTOS_Y_TIPOLOGIA,0.0002716888079367712,2.9536186339994075e-06,0.00020596132526407018,0.0005467943381518126,48,0.02226758175152207
HASGARDEN,Jardín,EQUIPAMIENTOS_Y_TIPOLOGIA,0.00025001411907586165,0.00011254130785449066,0.00010380347157479264,0.0004990650282707067,49,0.020491126880913514
HASNORTHORIENTATION,Orientación norte,EQUIPAMIENTOS_Y_TIPOLOGIA,0.00022942206857203744,1.2669380301918495e-05,9.380372648593038e-05,0.0005347637459635743,50,0.01880340491876302
HASWESTORIENTATION,Orientación oeste,EQUIPAMIENTOS_Y_TIPOLOGIA,0.00015551440799514962,-1.2518156574413316e-05,5.596673508989625e-05,0.0003420613938942554,51,0.012745942020465787
MISSING_ORIGINAL_CADASTRALQUALITYID,Calidad catastral no disponible,CALIDAD_Y_TRAZABILIDAD,0.0,0.0,0.0,0.0,52,0.0
